"Timestamp","Username","What is your name? ","What year are you?","In which genre are you most interested?","What other genres are you open to participating?","Do you have a song idea already?","Please specify up to 3 instruments you need:","If necessary: Describe the ""concept idea"" for your song (whether that be the subject matter, technical details, or anything else you think we should know about your song)","Select up to 3 skillsets you have and the amount of years of experience in each  [0-5]","Select up to 3 skillsets you have and the amount of years of experience in each  [5-10]","Select up to 3 skillsets you have and the amount of years of experience in each  [10-15]","Select up to 3 skillsets you have and the amount of years of experience in each  [15+]","If you selected other,  please specify:","Which of these pieces of music equipment can you share with your group?","How many hours a week could you commit to your team project? ","Would you be willing to have your song played at our final meeting? "
"2018/03/26 4:24:04 PM EST","jeremoto98@gmail.com","Jeremy Lindenfeld","Sophomore/2nd year","Singer/Songwriter","Rock;Singer/Songwrtier","Yes","Acoustic Guitar;Piano;Saxophone;Trumpet","I tend to write acoustic-songwriter stuff. Think early bon iver or Damien rice. I have some ideas for a new song but am totally open to new forms of musicality to introduce.","Acoustic Guitar;Lyricist","","Singer","","","One Microphone","10+ hrs","Yes"
"2018/03/26 4:45:01 PM EST","sarogers9@uchicago.edu","Sophie Rogers","Sophomore/2nd year","Electronic","Jazz;Singer/Songwrtier","No","","","Acoustic Guitar;Lyricist","","","Singer","","None","5 hrs","Maybe"
"2018/03/26 5:11:25 PM EST","rishabhagarwal@uchicago.edu","Rishabh Agarwal","Sophomore/2nd year","Electronic","Hip-Hop","No","","","Producer/beatmaker;Piano","","","","","Audio Interface","10+ hrs","Yes"
"2018/03/26 6:20:51 PM EST","buie@uchicago.edu","Stuart Buie","Sophomore/2nd year","Jazz","Electronic","No","","","","Other","Piano","","composition, and compositional techniques","piano keyboard","5 hrs","Yes"
"2018/03/26 8:10:49 PM EST","rayen@uchicago.edu","Rayen Wang","Sophomore/2nd year","Singer/Songwriter","Hip-Hop","Yes","Producer/beatmaker","Alternative and acoustic","","Piano;Singer","","","","One Microphone","5 hrs","Yes"
"2018/03/26 8:56:12 PM EST","isuner@uchicago.edu","Isabel Suner","Sophomore/2nd year","Singer/Songwriter","Jazz;Singer/Songwrtier","No","","","","Singer","","","","none","5 hrs","Yes"
"2018/03/26 9:20:11 PM EST","mwilliams19@uchicago.edu","Matt Williams","Sophomore/2nd year","Hip-Hop/R&B","Rock;Electronic","Yes","Electric Guitar;Singer;Drumset/Percussion","","Producer/beatmaker","Bass Guitar;Upright Bass","","","","One Microphone;Audio Interface","5 hrs","Yes"
"2018/03/26 9:46:41 PM EST","calebhill72@gmail.com","Caleb Hill","Sophomore/2nd year","Hip-Hop/R&B","Hip-Hop","No","","","Singer;Rapper;Lyricist","Producer/beatmaker","","","I have also been audio engineering/mixing/mastering for a few years too. I’m pretty fluid in just about every facet ","More Than One Microphone;Audio Interface;I have a production desk with a 34 inch ultrawide monitor I use. I have 2 midi keyboards a akai mpk249 and a akai mini 25. 2 Yamaha HS 8s. Audient ID14 audio interface. Sound absorption panels. I essentially have everything needed for a full studio","10+ hrs","Yes"
"2018/03/26 9:59:40 PM EST","natelewis427@gmail.com","Nate Lewis","Junior/3rd year","Hip-Hop/R&B","Hip-Hop;Singer/Songwrtier","Yes","Producer/beatmaker;Piano;Rapper","Rap song with piano and computer beat production ","Singer;Rapper","","","","","One Microphone","10+ hrs","Yes"
"2018/03/26 10:19:59 PM EST","gilbertb@uchicago.edu","Gil Bao","Senior/4th year","Jazz","Hip-Hop;Singer/Songwrtier","Yes","Producer/beatmaker;Electric Guitar;Singer","","Electric guitar","Piano","Saxophone","","","Nothing","10+ hrs","Yes"
"2018/03/26 10:45:40 PM EST","calderds@uchicago.edu","Calder Sheagren","Sophomore/2nd year","Rock","Hip-Hop;Jazz","No","","","","Producer/beatmaker;Saxophone","","","","One Microphone;Audio Interface","5 hrs","Yes"
"2018/03/26 11:33:50 PM EST","chrisduanegood@gmail.com","Christopher Good ","Junior/3rd year","Electronic","Rock;Jazz","Yes","Electric Guitar;Drumset/Percussion;sampler ","","","Producer/beatmaker;Electric guitar","","","","Turntable","8 hrs","Yes"
"2018/03/26 11:39:24 PM EST","xgu@uchicago.edu","Xiaohe(Grace) Gu","Sophomore/2nd year","Singer/Songwriter","Jazz","No","","","Piano;Singer;Lyricist","","","","","One Microphone","5 hrs","Yes"
"2018/03/26 11:48:06 PM EST","dadeosun@uchicago.edu","Dayo Adeosun","Sophomore/2nd year","Hip-Hop/R&B","Singer/Songwrtier;Electronic","Yes","Producer/beatmaker;Rapper;Drumset/Percussion","A rap song I made","Producer/beatmaker","Rapper;Saxophone","","","","Turntable","5 hrs","Yes"
"2018/03/27 12:07:01 AM EST","aaron.cendan@gmail.com","Aaron Cendan","Senior/4th year","Rock","Hip-Hop;Electronic","No","","","","Piano","Drumset/percussion","","","One Microphone;Drums ","8 hrs","Yes"
"2018/03/27 12:53:07 PM EST","orudalevige@uchicago.edu","Owen Rudalevige","Sophomore/2nd year","Hip-Hop/R&B","Hip-Hop;Rock","No","","","Producer/beatmaker;Upright Bass","Bass Guitar","","","","One Microphone","5 hrs","Maybe"
"2018/03/27 1:42:07 PM EST","mperacchi@uchicago.edu","Mario Peracchi","Sophomore/2nd year","Jazz","Electronic","No","","","Acoustic Guitar","Singer","","Piano","","Nothing :(","5 hrs","Maybe"
"2018/03/27 5:59:24 PM EST","miles.donnelly1@gmail.com","Miles Donnelly","Sophomore/2nd year","Jazz","Hip-Hop;Rock","No","","","","Trumpet;Other","","","composer","I don't have any of these pieces of music equipment","5 hrs","Maybe"
"2018/03/27 6:35:01 PM EST","greerbaxter@gmail.com","Greer Baxter","Sophomore/2nd year","Singer/Songwriter","Hip-Hop;Rock","Yes","Bass Guitar;Piano;Drumset/Percussion","","","Singer","Piano","","","I usually rent from Logan so I can share anything rentable from there!","8 hrs","Yes"
"2018/03/27 11:30:33 PM EST","jkleinbaum@uchicago.edu","Jake Kleinbaum ","Senior/4th year","Hip-Hop/R&B","Jazz","Yes","Rapper","","Producer/beatmaker","","Electric guitar","","","Audio Interface;Turntable","10+ hrs","Yes"
"2018/03/28 1:02:54 AM EST","eliw97@uchicago.edu","Eli Winter","Sophomore/2nd year","Rock","Rock;Singer/Songwrtier","Yes","Bass Guitar;Electric Guitar;12-string acoustic guitar, if possible; otherwise, harmony singers","it's called ""better way."" it keeps a lot of people in mind in the lyrics, so i'm unsure how to talk about its subject matter per se. i wrote it with a 12-string guitar + would love to play one here, if possible. it's very good.","","Singer;Other","Lyricist","","comfortable with, and skilled at, all manner of guitars--acoustic, electric, lap guitar--not just one or the other","none","8 hrs","Maybe"
"2018/03/28 8:45:58 AM EST","pmallette@uchicago.edu","Philippe Mallette","Freshman/1st year","Rock","Jazz;Singer/Songwrtier","Yes","Bass Guitar;Singer;Drumset/Percussion","It's a sweet slow jazz song that already has a simple instrumental melody and solo section, just need to write the vocals and the rest of the band to record with/add input if they choose","Acoustic Guitar;Electric guitar","","","","","Audio Interface","8 hrs","Yes"
"2018/03/28 10:05:22 AM EST","finneganclark@uchicago.edu","Finnegan clark","Sophomore/2nd year","Rock","Jazz;Electronic","Yes","Piano;Drumset/Percussion;Trumpet","I am open to other instrument configurations, but would be excited to work with a trumpet player. My idea is to hopefully mix ambience, improvisation, and drones with more technical and highly coordinated sections-Moments of structure emerging from and then sinking back into the ambience.","Singer;Drumset/percussion","","Electric guitar","","","More Than One Microphone;Audio Interface;Monitor, amp, midi controller, microkorg","8 hrs","Yes"
"2018/03/28 10:23:49 AM EST","aubrekiva@gmail.com","Aubre Kiva","Sophomore/2nd year","Singer/Songwriter","Rock","Yes","Bass Guitar;Electric Guitar;Singer","","Singer;Lyricist","","Acoustic Guitar;Bass Guitar;Electric guitar","","","More Than One Microphone;Audio Interface","8 hrs","Yes"
"2018/03/28 10:59:19 AM EST","phillipotto314@uchicago.edu","Phillip Otto","Freshman/1st year","Singer/Songwriter","Electronic","Yes","Producer/beatmaker;Piano;Singer","","Acoustic Guitar;Singer;Lyricist","","","","","One Microphone","8 hrs","Maybe"
"2018/03/28 11:00:46 AM EST","nornstein@uchicago.edu","Nick Ornstein","Freshman/1st year","Jazz","Hip-Hop;Singer/Songwrtier","Yes","Bass Guitar;Singer;Drumset/Percussion","Think funky/groovy with a powerful bass line and beat behind it - this song would be jazzy but really genre defying. Lyrically, it's a description of the torn feeling you begin to have when falling for someone who you know is probably not good for you. Working title is 'Breathing in the Blue'.","Acoustic Guitar;Drumset/percussion","Producer/beatmaker;Saxophone","Singer;Lyricist","Piano","","Audio Interface","8 hrs","Yes"
"2018/03/28 12:43:46 PM EST","patriciazul97@gmail.com","Trish Zulueta","Sophomore/2nd year","Electronic","Rock;Singer/Songwrtier","Yes","Guitarist (acoustic or electric)","I would like to make a song that incorporates both electronic music (which I make) and live-performed instruments. I think that including an acoustic or electric guitar, among other possible instruments, could make for a cool rock/indie-infused piece.","Producer/beatmaker;Piano","Singer;Lyricist","","","","One Microphone;Digital Audio Workstation (DAW): Logic Pro X, Ableton Live and Adobe Audition. I also have a Novation Launchpad Mini for live electronic music performance.","8 hrs","Yes"
"2018/03/28 3:05:47 PM EST","lnclark@uchicago.edu","Louis Clark","Senior/4th year","Jazz","Hip-Hop;Electronic","Yes","Electric Guitar;Rapper;Saxophone","The holy grail is to achieve a polyrhythmic but danceable jazz/hip-hop track that tiptoes the fine line between, one, self-indulgent technical instrumentality and challenging raw satirical wordplay, and, two, beats and melodies so timelessly mellifluous that both your college counselor and your grandma take a break from doing the swish dance to turn to you and say, ""damn, this track binks!""  

The piece will assume a recognizable ABA'B'C morphology. Gritty but memorable harmonies played by sax and distorted electric guitar are interwoven with an MC rhyming over choppy vocal samples and a catchy bubblegum hook. 

You're high on prescription painkillers because you fell down some stairs at the frat party, but it's ok because you're listening to that one popular rap/pop song that's actually like so good. Whoa, have you ever tried VR?? ","Bass Guitar","Producer/beatmaker","Piano","","","One Microphone;Audio Interface;production hardware (synth, sampler, drum machine), bass guitar, amp","5 hrs","Yes"
"2018/03/28 3:29:39 PM EST","lsnodgrassprs@gmail.com","Logan Snodgrass","Junior/3rd year","Hip-Hop/R&B","Hip-Hop;Electronic","Yes","Rapper","issa beat","Producer/beatmaker;Singer;Drumset/percussion;Lyricist","","","Piano","","I'm in paris, so I'd work remote","5 hrs","Yes"
"2018/03/28 3:33:29 PM EST","jshih101@gmail.com","Justine Shih","Freshman/1st year","Singer/Songwriter","Jazz","No","","","Acoustic Guitar","","Piano;Singer","","","None :(","5 hrs","Yes"
"2018/03/28 4:25:48 PM EST","xanderb@uchicago.edu","Xander Beberman","Senior/4th year","Jazz","Rock;Electronic","No","","","","Producer/beatmaker;Bass Guitar","","Drumset/percussion","","More Than One Microphone;Audio Interface;Turntable;Drumset, aux percussion, bass guitar, mixer, MIDI keyboards","8 hrs","Yes"
"2018/03/28 5:32:00 PM EST","hgruenspan@uchicago.edu","Hayley Gruenspan","Sophomore/2nd year","Rock","Singer/Songwrtier","No","","","Lyricist","","Singer","","","More Than One Microphone","8 hrs","Yes"
"2018/03/28 6:56:45 PM EST","dkalima@uchicago.edu","Diana","Freshman/1st year","Hip-Hop/R&B","Jazz;Electronic","No","","","Producer/beatmaker;Acoustic Guitar;Bass Guitar;Electric guitar;Piano;Singer;Rapper;Drumset/percussion;Saxophone;Upright Bass;Trumpet;Trombone;Lyricist;Other","","","","I have some mixing experience. I also write a lot of spoken word got into all of this mid high school","I have access to almost everything in LMC so i can always check those out","10+ hrs","Yes"
"2018/03/28 7:15:41 PM EST","torianl@uchicago.edu","Lauren Torian","Sophomore/2nd year","Hip-Hop/R&B","Jazz;Singer/Songwrtier","No","","","Producer/beatmaker;Acoustic Guitar;Bass Guitar;Electric guitar;Drumset/percussion;Saxophone;Upright Bass;Trumpet;Trombone;Lyricist","Piano","","Singer","","None but I have cage access and experience using microphone set ups","5 hrs","Yes"
"2018/03/28 10:45:11 PM EST","m.pearson0504@gmail.com","Madison Pearson","Sophomore/2nd year","Hip-Hop/R&B","","No","","","Producer/beatmaker;Rapper","","","","","One Microphone","5 hrs","Maybe"
"2018/03/28 11:01:42 PM EST","tommyzhang@uchicago.edu","Tommy Zhang","Junior/3rd year","Singer/Songwriter","Hip-Hop;Electronic","Yes","Producer/beatmaker;Acoustic Guitar;Piano;Singer","I have a ton of song ideas, some are rap, some are like Chainsmokers styled EDM, some are just acoustic guitar + singer","Producer/beatmaker","Singer;Rapper","Acoustic Guitar;Lyricist","","","One Microphone","8 hrs","Yes"
"2018/03/28 11:07:51 PM EST","cgcopley@uchicago.edu","Chris Copley","Freshman/1st year","Singer/Songwriter","Rock;Jazz","No","","","Producer/beatmaker;Bass Guitar;Electric guitar;Rapper;Drumset/percussion;Saxophone;Upright Bass;Trumpet;Trombone","Acoustic Guitar;Piano;Lyricist","Singer;Other","","Violin","One Microphone;2 Loop stations, Midi Keyboard, Amplifier, and pick-up for string instruments","8 hrs","Yes"
"2018/03/29 11:13:26 AM EST","clockhart@uchicago.edu","Connor Lockhart ","Freshman/1st year","Jazz","Rock;Singer/Songwrtier","No","","","Singer","Bass Guitar;Upright Bass;Trombone","","","","I have none","8 hrs","Yes"
"2018/03/29 11:42:33 AM EST","kswang@uchicago.edu","Kelvin Wang","Junior/3rd year","Singer/Songwriter","Rock;Singer/Songwrtier","No","","","Acoustic Guitar;Singer;Lyricist","","","","","One Microphone","5 hrs","Yes"
"2018/03/29 11:47:09 AM EST","jacobw@uchicago.edu","Jacob Walter","Freshman/1st year","Rock","Jazz;Singer/Songwrtier","No","","","Drumset/percussion","Producer/beatmaker;Bass Guitar","Acoustic Guitar;Electric guitar","","","quarter inch cables","5 hrs","Yes"
"2018/03/29 12:16:48 PM EST","jzane@uchicago.edu","Jacob Zane","Sophomore/2nd year","Rock","Hip-Hop;Singer/Songwrtier","No","","","Acoustic Guitar;Electric guitar;Lyricist","Singer","","","","n/a","8 hrs","Yes"
"2018/03/29 4:44:36 PM EST","aboland@uchicago.edu","Alisa Boland","Freshman/1st year","Singer/Songwriter","Jazz","No","","","Lyricist","Singer","","","","None","5 hrs","Yes"
"2018/03/29 5:36:33 PM EST","gabehull@uchicago.edu","Gabe Hull","Freshman/1st year","Rock","Singer/Songwrtier","No","","","Acoustic Guitar;Lyricist","Piano","","","","One Microphone;More Than One Microphone;Audio Interface","8 hrs","Yes"
"2018/03/29 6:08:07 PM EST","yamininambimadom@uchicago.edu","Yamini Nambimadom ","Sophomore/2nd year","Rock","Jazz;Singer/Songwrtier","No","","","Piano","","Lyricist","Singer","","One Microphone;Audio Interface","8 hrs","Yes"
"2018/03/30 1:23:22 PM EST","sarahliu@uchicago.edu","Sarah Liu","Junior/3rd year","Singer/Songwriter","Hip-Hop;Jazz","Yes","Acoustic Guitar;Drumset/Percussion;Violin","A folk song in Chinese, exploring the carpe diem of youth","Producer/beatmaker;Acoustic Guitar;Singer;Lyricist","Other","Piano","","Composer (Classical and Song), Garageband","Computer...","5 hrs","Yes"
"2018/03/30 4:53:37 PM EST","elissakwon@uchicago.edu","Elissa Kwon","Sophomore/2nd year","Hip-Hop/R&B","Singer/Songwrtier;Electronic","No","","","Lyricist","Piano","","Singer","","I have advanced access to the equipment cage, so anything in there.","5 hrs","Yes"
"2018/03/30 8:11:48 PM EST","epassell@uchicago.edu","Eliza Passell","Senior/4th year","Singer/Songwriter","Rock;Jazz","No","","","Lyricist","","Singer","","","none","5 hrs","Maybe"
"2018/03/31 2:57:43 PM EST","gautama@uchicago.edu","Gautama Mehta","Senior/4th year","Rock","Jazz;Singer/Songwrtier","No","","","Producer/beatmaker","Singer;Lyricist","Acoustic Guitar;Electric guitar","","","One Microphone;Audio Interface","5 hrs","Yes"
"2018/03/31 4:59:33 PM EST","nickhadjimichael@gmail.com","Nick Hadjimichael","Senior/4th year","Hip-Hop/R&B","Rock;Electronic","No","","","Producer/beatmaker","Singer","Electric guitar","","","One Microphone;Audio Interface;DAW, guitars, bass, synth, amps","5 hrs","Yes"
"2018/03/31 5:57:05 PM EST","elliotglickman@uchicago.edu","Elliot ","Senior/4th year","Hip-Hop/R&B","Hip-Hop;Rock","No","","","","Producer/beatmaker","Bass Guitar;Electric guitar","","","Audio Interface","10+ hrs","Yes"
"2018/03/31 8:32:17 PM EST","cmplunkett@uchicago.edu","Connor Plunkett","Senior/4th year","Electronic","Rock","Yes","Piano","Generative, neoclassical/ambient music in the vein of Nils Frahm and Stars of the Lid, using a patch I made in Max/MSP and live sampled piano.","Producer/beatmaker","Electric guitar;Piano","","","","More Than One Microphone;Audio Interface;Turntable;Small modular synth, tube amplifier, 4op FM synth, stereo tube compressor, Ableton Live Standard, Max/MSP","8 hrs","Yes"
"2018/04/01 12:31:23 PM EST","tac@uchicago.edu","Teddy Carlin","Sophomore/2nd year","Hip-Hop/R&B","Electronic","No","","","Producer/beatmaker;Acoustic Guitar;Bass Guitar;Piano","Electric guitar","","","","One Microphone;Audio Interface","5 hrs","Yes"
"2018/04/02 1:45:37 AM EST","simonli@uchicago.edu","Simon Li","Sophomore/2nd year","Electronic","Hip-Hop;Jazz","No","","","Other","Producer/beatmaker","","Piano","Talkbox/synthesizer","Audio Interface","5 hrs","Yes"
"2018/04/02 11:07:44 AM EST","zphillips20@uchicago.edu","Zavior Phillips","Sophomore/2nd year","Singer/Songwriter","Hip-Hop;Singer/Songwrtier","No","","","Rapper","Lyricist","Singer","","","guitar","5 hrs","Yes"
"2018/04/02 12:50:14 PM EST","alexanderizikson@gmail.com","Alexander Izikson","Freshman/1st year","Hip-Hop/R&B","Rock;Electronic","No","","","Singer;Rapper","Producer/beatmaker;Lyricist","","","","One Microphone;Audio Interface;FL Studio (DAW)","8 hrs","Yes"
"2018/04/02 1:13:51 PM EST","hille@uchicago.edu","Elle Hill","Senior/4th year","Hip-Hop/R&B","Singer/Songwrtier;Electronic","Yes","Producer/beatmaker;Rapper","The hatred and negativity that have been seen recently with presidency, media, etc","Rapper","","Lyricist","Piano;Singer","I write my own lyrics to songs, but strongly prefer to sing my own music instead of having another person sing it","None, I use recording studios or Logan Center","10+ hrs","Yes"
"2018/04/02 4:44:26 PM EST","chrischavez@uchicago.edu","Christopher Chavez","Junior/3rd year","Hip-Hop/R&B","Singer/Songwrtier;Electronic","No","","","Producer/beatmaker;Acoustic Guitar;Bass Guitar;Electric guitar;Piano;Rapper;Drumset/percussion;Saxophone;Upright Bass;Trumpet;Trombone;Lyricist;Other","","Singer","","","fl studio, little midi piano","5 hrs","Yes"
"2018/04/02 8:03:44 PM EST","ezerkle@uchicago.edu","Eli Zerkle","Freshman/1st year","Rock","Hip-Hop;Rock","No","","","Piano","Drumset/percussion","","","","Drumsticks of various types (including brushes)","5 hrs","Yes"
"2018/04/02 9:02:07 PM EST","sjkim129@uchicago.edu","SJ Kim","Freshman/1st year","Hip-Hop/R&B","Jazz;Singer/Songwrtier","No","","","Producer/beatmaker;Piano;Singer","Other","","","Clarinet","I do not have any music equipment apart from a digital audio workstation","5 hrs","Maybe"
"2018/04/02 9:33:37 PM EST","bendonvan@uchicago.edu","Ben Donvan","Junior/3rd year","Singer/Songwriter","Rock;Electronic","No","","","Piano;Lyricist;Other","","Singer","","Banjo","Got nothin :/","5 hrs","Yes"
"2018/04/02 9:57:26 PM EST","jagardner@uchicago.edu","jonathan gardner","Sophomore/2nd year","Jazz","Hip-Hop;Rock","Yes","Drumset/Percussion;Trumpet;nylon string guitar","Melody in dorian and locrian modes. Multi-instrumentalists preferred so I can get lots of sounds. Probably most suited to players with a jazz background because it uses non-functional harmony. I'm also open to working on other composers' songs, too.","Bass Guitar;Drumset/percussion","Other","","","Cello (jazz, blues, and popular musics). Not like classical style.","One Microphone;The one mic is a Zoom recorder, best for demos.","5 hrs","Yes"